Label,CPI Inflation,Core CPI Inflation,PCE Inflation,Core PCE Inflation
2025-01-02,0.28663536551017,0.270617272390942,0.24478654998943,0.236041981610743
2025-01-03,0.309146363716286,0.270617272390942,0.259012781085237,0.236041981610743
2025-01-06,0.322431542985469,0.270617272390942,0.267408589600795,0.236041981610743
2025-01-07,0.209466541026502,0.270617272390942,0.196018320324776,0.236041981610743
2025-01-08,0.209466541026502,0.270617272390942,0.196018320324776,0.236041981610743
2025-01-09,0.209466541026502,0.270617272390942,0.196018320324776,0.236041981610743
2025-01-10,0.209466541026502,0.270617272390942,0.196018320324776,0.236041981610743
2025-01-13,0.209466541026502,0.270617272390942,0.196018320324776,0.236041981610743
2025-01-14,0.20723426494322,0.270617272390942,0.194607593215315,0.236041981610743
2025-01-15,0.209236227402661,0.266786165481588,0.196375540664036,0.232497817597867
2025-01-16,0.209236227402661,0.266786165481588,0.196375540664036,0.232497817597867
2025-01-17,0.209236227402661,0.266786165481588,0.196375540664036,0.232497817597867
2025-01-21,0.209236227402661,0.266786165481588,0.196375540664036,0.232497817597867
2025-01-22,0.232276109605448,0.266786165481588,0.210984598752197,0.232497817597867
2025-01-23,0.232276109605448,0.266786165481588,0.210984598752197,0.232497817597867
2025-01-24,0.232276109605448,0.266786165481588,0.210984598752197,0.232497817597867
2025-01-27,0.232276109605448,0.266786165481588,0.210984598752197,0.232497817597867
2025-01-28,0.242424629147151,0.266786165481588,0.217419541005316,0.232497817597867
2025-01-29,0.242424629147151,0.266786165481588,0.217419541005316,0.232497817597867
2025-01-30,0.242424629147151,0.266786165481588,0.217419541005316,0.232497817597867
2025-01-31,0.242424629147151,0.266786165481588,0.213371996193099,0.229990745365645
2025-02-03,0.225256900954776,0.256319200426391,0.187168441361037,0.207672504346567
2025-02-04,0.222080886304094,0.256319200426391,0.185184848415859,0.207672504346567
2025-02-05,0.222080886304094,0.256319200426391,0.185184848415859,0.207672504346567
2025-02-06,0.222080886304094,0.256319200426391,0.185184848415859,0.207672504346567
2025-02-07,0.222080886304094,0.256319200426391,0.185184848415859,0.207672504346567
2025-02-10,0.222080886304094,0.256319200426391,0.185184848415859,0.207672504346567
2025-02-11,0.247943839519331,0.256319200426391,0.201337661668218,0.207672504346567
2025-02-12,0.210728147138617,0.270334969679681,0.180887211448769,0.219130417275622
2025-02-13,0.210728147138617,0.270334969679681,0.180887211448769,0.219130417275622
2025-02-14,0.210728147138617,0.270334969679681,0.180887211448769,0.219130417275622
2025-02-18,0.210728147138617,0.270334969679681,0.180887211448769,0.219130417275622
2025-02-19,0.227690071606869,0.270334969679681,0.192721262315828,0.219130417275622
2025-02-20,0.227690071606869,0.270334969679681,0.192721262315828,0.219130417275622
2025-02-21,0.227690071606869,0.270334969679681,0.192721262315828,0.219130417275622
2025-02-24,0.227690071606869,0.270334969679681,0.192721262315828,0.219130417275622
2025-02-25,0.230486984684081,0.270334969679681,0.194672621767312,0.219130417275622
2025-02-26,0.230486984684081,0.270334969679681,0.194672621767312,0.219130417275622
2025-02-27,0.230486984684081,0.270334969679681,0.194672621767312,0.219130417275622
2025-02-28,0.230486984684081,0.270334969679681,0.193768636150233,0.217961646867522
2025-03-03,0.0089797475558888,0.261956374155937,0.0405750943830899,0.216173771205529
2025-03-04,0.0098540595740395,0.261956374155937,0.0411835830403159,0.216173771205529
2025-03-05,0.0098540595740395,0.261956374155937,0.0411835830403159,0.216173771205529
2025-03-06,0.0098540595740395,0.261956374155937,0.0411835830403159,0.216173771205529
2025-03-07,0.0098540595740395,0.261956374155937,0.0411835830403159,0.216173771205529
2025-03-10,0.0098540595740396,0.261956374155937,0.0411835830403159,0.216173771205529
2025-03-11,0.0050585357700852,0.261956374155937,0.0378460767730052,0.216173771205529
2025-03-12,0.0052431356461692,0.258315422571535,0.0364125768924991,0.213864874738082
2025-03-13,0.0052431356461692,0.258315422571535,0.0364125768924991,0.213864874738082
2025-03-14,0.0052431356461692,0.258315422571535,0.0364125768924991,0.213864874738082
2025-03-17,0.0052431356461692,0.258315422571535,0.0364125768924991,0.213864874738082
2025-03-18,-0.0009714246520683,0.258315422571535,0.0320815582835671,0.213864874738082
2025-03-19,-0.0009714246520683,0.258315422571535,0.0320815582835671,0.213864874738082
2025-03-20,-0.0009714246520683,0.258315422571535,0.0320815582835671,0.213864874738082
2025-03-21,-0.0009714246520683,0.258315422571535,0.0320815582835671,0.213864874738082
2025-03-24,-0.0009714246520683,0.258315422571535,0.032081558283567,0.213864874738082
2025-03-25,0.0108362399145829,0.258315422571535,0.0403104936405378,0.213864874738082
2025-03-26,0.0108362399145829,0.258315422571535,0.0403104936405378,0.213864874738082
2025-03-27,0.0108362399145829,0.258315422571535,0.0403104936405378,0.213864874738082
2025-03-28,0.0108362399145829,0.258315422571535,0.0531303749170725,0.229510476165579
2025-03-31,0.0108362399145829,0.258315422571535,0.0531303749170725,0.229510476165579
2025-04-01,0.318000524811041,0.247966651667773,0.263507847779452,0.220428011041705
2025-04-02,0.337776907125839,0.247966651667773,0.2772930169789,0.220428011041705
2025-04-03,0.337776907125839,0.247966651667773,0.2772930169789,0.220428011041705
2025-04-04,0.328607857143523,0.247966651667773,0.270901711259156,0.220428011041705
2025-04-07,0.20140976180062,0.247966651667773,0.182238009362704,0.220428011041705
2025-04-08,0.144903243968431,0.247966651667773,0.142850021368281,0.220428011041705
2025-04-09,0.300539231732125,0.247966651667773,0.251336416437638,0.220428011041705
2025-04-10,0.290330424255975,0.231151429771193,0.243985123723651,0.209515618493541
2025-04-11,0.290330424255975,0.231151429771193,0.243985123723651,0.209515618493541
2025-04-14,0.290330424255975,0.231151429771193,0.243985123723651,0.209515618493541
2025-04-15,0.290330424255975,0.231151429771193,0.243985123723651,0.209515618493541
2025-04-16,0.252263128776189,0.231151429771193,0.217121886099618,0.209515618493541
2025-04-17,0.252263128776189,0.231151429771193,0.217121886099618,0.209515618493541
2025-04-18,0.252263128776189,0.231151429771193,0.217121886099618,0.209515618493541
2025-04-21,0.252263128776189,0.231151429771193,0.217121886099618,0.209515618493541
2025-04-22,0.252263128776189,0.231151429771193,0.217121886099618,0.209515618493541
2025-04-23,0.230437879367778,0.231151429771193,0.201720296528506,0.209515618493541
2025-04-24,0.230437879367778,0.231151429771193,0.201720296528506,0.209515618493541
2025-04-25,0.230437879367778,0.231151429771193,0.201720296528506,0.209515618493541
2025-04-28,0.230437879367778,0.231151429771193,0.201720296528506,0.209515618493541
2025-04-29,0.230437879367778,0.231151429771193,0.201720296528506,0.209515618493541
2025-05-01,-0.0644829480830309,0.228473285822208,0.0041376168759321,0.214788568251805
2025-05-02,-0.0982071058980807,0.228473285822208,-0.0192877037180707,0.214788568251805
2025-05-05,-0.1116967690241,0.228473285822208,-0.0286578319556716,0.214788568251805
2025-05-06,-0.1116967690241,0.228473285822208,-0.0286578319556716,0.214788568251805
